681ed5d0ec06b01f0407b634,images.png,2025-05-10T04:28:01.063Z,image/png,string
681ed60dec06b01f0407b636,images.png,2025-05-10T04:29:01.499Z,image/png,test
681ed612ec06b01f0407b638,images.png,2025-05-10T04:29:06.982Z,image/png,test
681edce5ff017f027e908353,images.png,2025-05-10T04:58:13.39Z,image/png,LogoU
681edd3bff017f027e908355,images.png,2025-05-10T04:59:39.12Z,image/png,LogoU
681edd66ff017f027e908357,insta.jpg,2025-05-10T05:00:22.716Z,image/jpeg,LogoU
681f98954a4638d3366562e1,insta.jpg,2025-05-10T18:19:02.159Z,image/jpeg,string
681fc910805ff503927231bd,imagen_fake.png,2025-05-10T21:45:52.65Z,image/png,1508
681fc910805ff503927231bf,imagen_fake.png,2025-05-10T21:45:52.99Z,image/png,183
681fc911805ff503927231c1,imagen_fake.png,2025-05-10T21:45:53.24Z,image/png,1448
681fc911805ff503927231c3,imagen_fake.png,2025-05-10T21:45:53.481Z,image/png,323
681fc911805ff503927231c5,imagen_fake.png,2025-05-10T21:45:53.714Z,image/png,1015
681fc911805ff503927231c7,imagen_fake.png,2025-05-10T21:45:53.952Z,image/png,1298
681fc912805ff503927231c9,imagen_fake.png,2025-05-10T21:45:54.213Z,image/png,1939
681fc912805ff503927231cb,imagen_fake.png,2025-05-10T21:45:54.451Z,image/png,796
681fc912805ff503927231cd,imagen_fake.png,2025-05-10T21:45:54.716Z,image/png,1623
681fc912805ff503927231cf,imagen_fake.png,2025-05-10T21:45:54.946Z,image/png,1951
681fc913805ff503927231d1,imagen_fake.png,2025-05-10T21:45:55.178Z,image/png,855
681fc913805ff503927231d3,imagen_fake.png,2025-05-10T21:45:55.409Z,image/png,1785
681fc913805ff503927231d5,imagen_fake.png,2025-05-10T21:45:55.661Z,image/png,89
681fc913805ff503927231d7,imagen_fake.png,2025-05-10T21:45:55.883Z,image/png,1908
681fc914805ff503927231d9,imagen_fake.png,2025-05-10T21:45:56.127Z,image/png,1690
681fc914805ff503927231db,imagen_fake.png,2025-05-10T21:45:56.361Z,image/png,209
681fc915805ff503927231dd,imagen_fake.png,2025-05-10T21:45:57.701Z,image/png,478
681fc915805ff503927231df,imagen_fake.png,2025-05-10T21:45:57.927Z,image/png,485
681fc916805ff503927231e1,imagen_fake.png,2025-05-10T21:45:58.156Z,image/png,825
681fc916805ff503927231e3,imagen_fake.png,2025-05-10T21:45:58.381Z,image/png,301
681fc916805ff503927231e5,imagen_fake.png,2025-05-10T21:45:58.613Z,image/png,1518
681fc916805ff503927231e7,imagen_fake.png,2025-05-10T21:45:58.842Z,image/png,848
681fc917805ff503927231e9,imagen_fake.png,2025-05-10T21:45:59.065Z,image/png,1561
681fc917805ff503927231eb,imagen_fake.png,2025-05-10T21:45:59.3Z,image/png,483
681fc917805ff503927231ed,imagen_fake.png,2025-05-10T21:45:59.528Z,image/png,654
681fc917805ff503927231ef,imagen_fake.png,2025-05-10T21:45:59.764Z,image/png,1821
681fc917805ff503927231f1,imagen_fake.png,2025-05-10T21:45:59.993Z,image/png,1632
681fc918805ff503927231f3,imagen_fake.png,2025-05-10T21:46:00.216Z,image/png,1858
681fc918805ff503927231f5,imagen_fake.png,2025-05-10T21:46:00.448Z,image/png,1010
681fc918805ff503927231f7,imagen_fake.png,2025-05-10T21:46:00.67Z,image/png,864
681fc918805ff503927231f9,imagen_fake.png,2025-05-10T21:46:00.891Z,image/png,255
681fc919805ff503927231fb,imagen_fake.png,2025-05-10T21:46:01.124Z,image/png,1078
681fc919805ff503927231fd,imagen_fake.png,2025-05-10T21:46:01.363Z,image/png,1759
681fc919805ff503927231ff,imagen_fake.png,2025-05-10T21:46:01.595Z,image/png,756
681fc919805ff50392723201,imagen_fake.png,2025-05-10T21:46:01.83Z,image/png,1523
681fc91a805ff50392723203,imagen_fake.png,2025-05-10T21:46:02.059Z,image/png,568
681fc91a805ff50392723205,imagen_fake.png,2025-05-10T21:46:02.278Z,image/png,1516
681fc91a805ff50392723207,imagen_fake.png,2025-05-10T21:46:02.497Z,image/png,613
681fc91a805ff50392723209,imagen_fake.png,2025-05-10T21:46:02.736Z,image/png,520
681fc91a805ff5039272320b,imagen_fake.png,2025-05-10T21:46:02.956Z,image/png,1908
681fc91b805ff5039272320d,imagen_fake.png,2025-05-10T21:46:03.187Z,image/png,1172
681fc91b805ff5039272320f,imagen_fake.png,2025-05-10T21:46:03.408Z,image/png,1540
681fc96e805ff50392723211,imagen_fake.png,2025-05-10T21:47:26.823Z,image/png,97
681fc96f805ff50392723213,imagen_fake.png,2025-05-10T21:47:27.049Z,image/png,243
681fc96f805ff50392723215,imagen_fake.png,2025-05-10T21:47:27.279Z,image/png,1890
681fc96f805ff50392723217,imagen_fake.png,2025-05-10T21:47:27.511Z,image/png,1463
681fc96f805ff50392723219,imagen_fake.png,2025-05-10T21:47:27.733Z,image/png,577
681fc96f805ff5039272321b,imagen_fake.png,2025-05-10T21:47:27.961Z,image/png,160
681fc970805ff5039272321d,imagen_fake.png,2025-05-10T21:47:28.182Z,image/png,659
681fc970805ff5039272321f,imagen_fake.png,2025-05-10T21:47:28.415Z,image/png,240
681fc970805ff50392723221,imagen_fake.png,2025-05-10T21:47:28.638Z,image/png,368
681fc970805ff50392723223,imagen_fake.png,2025-05-10T21:47:28.883Z,image/png,1958
681fc971805ff50392723225,imagen_fake.png,2025-05-10T21:47:29.107Z,image/png,1797
681fc971805ff50392723227,imagen_fake.png,2025-05-10T21:47:29.344Z,image/png,28
681fc971805ff50392723229,imagen_fake.png,2025-05-10T21:47:29.572Z,image/png,1249
681fc971805ff5039272322b,imagen_fake.png,2025-05-10T21:47:29.802Z,image/png,627
681fc972805ff5039272322d,imagen_fake.png,2025-05-10T21:47:30.024Z,image/png,1568
681fc972805ff5039272322f,imagen_fake.png,2025-05-10T21:47:30.243Z,image/png,309
681fc972805ff50392723231,imagen_fake.png,2025-05-10T21:47:30.481Z,image/png,401
681fc972805ff50392723233,imagen_fake.png,2025-05-10T21:47:30.704Z,image/png,1283
681fc972805ff50392723235,imagen_fake.png,2025-05-10T21:47:30.946Z,image/png,170
681fc973805ff50392723237,imagen_fake.png,2025-05-10T21:47:31.165Z,image/png,573
681fc973805ff50392723239,imagen_fake.png,2025-05-10T21:47:31.385Z,image/png,434
681fc973805ff5039272323b,imagen_fake.png,2025-05-10T21:47:31.611Z,image/png,1746
681fc973805ff5039272323d,imagen_fake.png,2025-05-10T21:47:31.847Z,image/png,1247
681fc974805ff5039272323f,imagen_fake.png,2025-05-10T21:47:32.074Z,image/png,1606
681fc974805ff50392723241,imagen_fake.png,2025-05-10T21:47:32.307Z,image/png,1991
681fc974805ff50392723243,imagen_fake.png,2025-05-10T21:47:32.528Z,image/png,1534
681fc974805ff50392723245,imagen_fake.png,2025-05-10T21:47:32.756Z,image/png,45
681fc974805ff50392723247,imagen_fake.png,2025-05-10T21:47:32.994Z,image/png,462
681fc975805ff50392723249,imagen_fake.png,2025-05-10T21:47:33.213Z,image/png,1598
681fc975805ff5039272324b,imagen_fake.png,2025-05-10T21:47:33.439Z,image/png,502
681fc975805ff5039272324d,imagen_fake.png,2025-05-10T21:47:33.669Z,image/png,282
681fc975805ff5039272324f,imagen_fake.png,2025-05-10T21:47:33.9Z,image/png,200
681fc976805ff50392723251,imagen_fake.png,2025-05-10T21:47:34.121Z,image/png,1515
681fc976805ff50392723253,imagen_fake.png,2025-05-10T21:47:34.35Z,image/png,1727
681fc976805ff50392723255,imagen_fake.png,2025-05-10T21:47:34.57Z,image/png,115
681fc976805ff50392723257,imagen_fake.png,2025-05-10T21:47:34.806Z,image/png,744
681fc977805ff50392723259,imagen_fake.png,2025-05-10T21:47:35.035Z,image/png,698
681fc977805ff5039272325b,imagen_fake.png,2025-05-10T21:47:35.268Z,image/png,127
681fc977805ff5039272325d,imagen_fake.png,2025-05-10T21:47:35.502Z,image/png,784
681fc977805ff5039272325f,imagen_fake.png,2025-05-10T21:47:35.738Z,image/png,700
681fc977805ff50392723261,imagen_fake.png,2025-05-10T21:47:35.958Z,image/png,542
681fc978805ff50392723263,imagen_fake.png,2025-05-10T21:47:36.19Z,image/png,1010
681fc978805ff50392723265,imagen_fake.png,2025-05-10T21:47:36.423Z,image/png,1617
681fc978805ff50392723267,imagen_fake.png,2025-05-10T21:47:36.642Z,image/png,1011
681fc978805ff50392723269,imagen_fake.png,2025-05-10T21:47:36.87Z,image/png,553
681fc979805ff5039272326b,imagen_fake.png,2025-05-10T21:47:37.098Z,image/png,1993
681fc979805ff5039272326d,imagen_fake.png,2025-05-10T21:47:37.327Z,image/png,1421
681fc979805ff5039272326f,imagen_fake.png,2025-05-10T21:47:37.559Z,image/png,1464
681fc979805ff50392723271,imagen_fake.png,2025-05-10T21:47:37.796Z,image/png,1946
681fc97a805ff50392723273,imagen_fake.png,2025-05-10T21:47:38.021Z,image/png,1494
681fc97a805ff50392723275,imagen_fake.png,2025-05-10T21:47:38.254Z,image/png,1447
681fc97a805ff50392723277,imagen_fake.png,2025-05-10T21:47:38.484Z,image/png,1465
681fc97a805ff50392723279,imagen_fake.png,2025-05-10T21:47:38.715Z,image/png,555
681fc97a805ff5039272327b,imagen_fake.png,2025-05-10T21:47:38.943Z,image/png,448
681fc97b805ff5039272327d,imagen_fake.png,2025-05-10T21:47:39.171Z,image/png,965
681fc97b805ff5039272327f,imagen_fake.png,2025-05-10T21:47:39.406Z,image/png,1223
681fc97b805ff50392723281,imagen_fake.png,2025-05-10T21:47:39.643Z,image/png,187
681fc97b805ff50392723283,imagen_fake.png,2025-05-10T21:47:39.869Z,image/png,1506
681fc97c805ff50392723285,imagen_fake.png,2025-05-10T21:47:40.094Z,image/png,872
681fc97c805ff50392723287,imagen_fake.png,2025-05-10T21:47:40.324Z,image/png,796
681fc97c805ff50392723289,imagen_fake.png,2025-05-10T21:47:40.561Z,image/png,376
681fc97c805ff5039272328b,imagen_fake.png,2025-05-10T21:47:40.801Z,image/png,259
681fc97d805ff5039272328d,imagen_fake.png,2025-05-10T21:47:41.028Z,image/png,1701
681fc97d805ff5039272328f,imagen_fake.png,2025-05-10T21:47:41.26Z,image/png,357
681fc97d805ff50392723291,imagen_fake.png,2025-05-10T21:47:41.492Z,image/png,1751
681fc97d805ff50392723293,imagen_fake.png,2025-05-10T21:47:41.72Z,image/png,885
681fc97d805ff50392723295,imagen_fake.png,2025-05-10T21:47:41.958Z,image/png,855
681fc97e805ff50392723297,imagen_fake.png,2025-05-10T21:47:42.184Z,image/png,103
681fc97e805ff50392723299,imagen_fake.png,2025-05-10T21:47:42.408Z,image/png,1562
681fc97e805ff5039272329b,imagen_fake.png,2025-05-10T21:47:42.645Z,image/png,1290
681fc97e805ff5039272329d,imagen_fake.png,2025-05-10T21:47:42.872Z,image/png,622
681fc97f805ff5039272329f,imagen_fake.png,2025-05-10T21:47:43.108Z,image/png,838
681fc97f805ff503927232a1,imagen_fake.png,2025-05-10T21:47:43.328Z,image/png,428
681fc97f805ff503927232a3,imagen_fake.png,2025-05-10T21:47:43.559Z,image/png,750
681fc97f805ff503927232a5,imagen_fake.png,2025-05-10T21:47:43.799Z,image/png,1888
681fc980805ff503927232a7,imagen_fake.png,2025-05-10T21:47:44.037Z,image/png,1369
681fc981805ff503927232a9,imagen_fake.png,2025-05-10T21:47:45.385Z,image/png,1818
681fc981805ff503927232ab,imagen_fake.png,2025-05-10T21:47:45.632Z,image/png,1496
681fc981805ff503927232ad,imagen_fake.png,2025-05-10T21:47:45.868Z,image/png,1134
681fc982805ff503927232af,imagen_fake.png,2025-05-10T21:47:46.105Z,image/png,664
681fc982805ff503927232b1,imagen_fake.png,2025-05-10T21:47:46.325Z,image/png,1518
681fc982805ff503927232b3,imagen_fake.png,2025-05-10T21:47:46.564Z,image/png,220
681fc982805ff503927232b5,imagen_fake.png,2025-05-10T21:47:46.797Z,image/png,409
681fc983805ff503927232b7,imagen_fake.png,2025-05-10T21:47:47.022Z,image/png,720
681fc983805ff503927232b9,imagen_fake.png,2025-05-10T21:47:47.247Z,image/png,1321
681fc983805ff503927232bb,imagen_fake.png,2025-05-10T21:47:47.468Z,image/png,837
681fc983805ff503927232bd,imagen_fake.png,2025-05-10T21:47:47.688Z,image/png,350
681fc983805ff503927232bf,imagen_fake.png,2025-05-10T21:47:47.921Z,image/png,549
681fc984805ff503927232c1,imagen_fake.png,2025-05-10T21:47:48.141Z,image/png,677
681fc984805ff503927232c3,imagen_fake.png,2025-05-10T21:47:48.366Z,image/png,192
681fc984805ff503927232c5,imagen_fake.png,2025-05-10T21:47:48.602Z,image/png,924
681fc984805ff503927232c7,imagen_fake.png,2025-05-10T21:47:48.823Z,image/png,894
681fc985805ff503927232c9,imagen_fake.png,2025-05-10T21:47:49.05Z,image/png,793
681fc985805ff503927232cb,imagen_fake.png,2025-05-10T21:47:49.281Z,image/png,387
681fc985805ff503927232cd,imagen_fake.png,2025-05-10T21:47:49.52Z,image/png,422
681fc985805ff503927232cf,imagen_fake.png,2025-05-10T21:47:49.756Z,image/png,1632
681fc985805ff503927232d1,imagen_fake.png,2025-05-10T21:47:49.986Z,image/png,1273
681fc986805ff503927232d3,imagen_fake.png,2025-05-10T21:47:50.218Z,image/png,1435
681fc986805ff503927232d5,imagen_fake.png,2025-05-10T21:47:50.442Z,image/png,125
681fc986805ff503927232d7,imagen_fake.png,2025-05-10T21:47:50.666Z,image/png,1827
681fc9dc805ff503927232d9,imagen_fake.png,2025-05-10T21:49:16.791Z,image/png,1002
681fc9dd805ff503927232db,imagen_fake.png,2025-05-10T21:49:17.028Z,image/png,650
681fc9dd805ff503927232dd,imagen_fake.png,2025-05-10T21:49:17.249Z,image/png,47
681fc9dd805ff503927232df,imagen_fake.png,2025-05-10T21:49:17.489Z,image/png,876
681fc9dd805ff503927232e1,imagen_fake.png,2025-05-10T21:49:17.708Z,image/png,1428
681fc9dd805ff503927232e3,imagen_fake.png,2025-05-10T21:49:17.938Z,image/png,686
681fc9de805ff503927232e5,imagen_fake.png,2025-05-10T21:49:18.159Z,image/png,1234
681fc9de805ff503927232e7,imagen_fake.png,2025-05-10T21:49:18.392Z,image/png,1680
681fc9de805ff503927232e9,imagen_fake.png,2025-05-10T21:49:18.612Z,image/png,1862
681fc9de805ff503927232eb,imagen_fake.png,2025-05-10T21:49:18.835Z,image/png,1704
681fc9df805ff503927232ed,imagen_fake.png,2025-05-10T21:49:19.055Z,image/png,1282
681fc9df805ff503927232ef,imagen_fake.png,2025-05-10T21:49:19.273Z,image/png,806
681fc9df805ff503927232f1,imagen_fake.png,2025-05-10T21:49:19.507Z,image/png,666
681fc9df805ff503927232f3,imagen_fake.png,2025-05-10T21:49:19.74Z,image/png,1774
681fc9df805ff503927232f5,imagen_fake.png,2025-05-10T21:49:19.966Z,image/png,1458
681fc9e0805ff503927232f7,imagen_fake.png,2025-05-10T21:49:20.193Z,image/png,1881
681fc9e0805ff503927232f9,imagen_fake.png,2025-05-10T21:49:20.423Z,image/png,1134
681fc9e0805ff503927232fb,imagen_fake.png,2025-05-10T21:49:20.65Z,image/png,1121
681fc9e0805ff503927232fd,imagen_fake.png,2025-05-10T21:49:20.876Z,image/png,182
681fc9e1805ff503927232ff,imagen_fake.png,2025-05-10T21:49:21.106Z,image/png,193
681fc9e1805ff50392723301,imagen_fake.png,2025-05-10T21:49:21.329Z,image/png,978
681fc9e1805ff50392723303,imagen_fake.png,2025-05-10T21:49:21.554Z,image/png,1651
681fc9e1805ff50392723305,imagen_fake.png,2025-05-10T21:49:21.779Z,image/png,1512
681fc9e2805ff50392723307,imagen_fake.png,2025-05-10T21:49:22.01Z,image/png,808
681fc9e2805ff50392723309,imagen_fake.png,2025-05-10T21:49:22.244Z,image/png,1038
681fc9e2805ff5039272330b,imagen_fake.png,2025-05-10T21:49:22.464Z,image/png,1783
681fc9e2805ff5039272330d,imagen_fake.png,2025-05-10T21:49:22.696Z,image/png,208
681fc9e2805ff5039272330f,imagen_fake.png,2025-05-10T21:49:22.941Z,image/png,633
681fc9e3805ff50392723311,imagen_fake.png,2025-05-10T21:49:23.168Z,image/png,713
681fc9e3805ff50392723313,imagen_fake.png,2025-05-10T21:49:23.956Z,image/png,1397
681fc9e4805ff50392723315,imagen_fake.png,2025-05-10T21:49:24.178Z,image/png,1958
681fc9e4805ff50392723317,imagen_fake.png,2025-05-10T21:49:24.4Z,image/png,178
681fc9e4805ff50392723319,imagen_fake.png,2025-05-10T21:49:24.628Z,image/png,973
681fc9e4805ff5039272331b,imagen_fake.png,2025-05-10T21:49:24.862Z,image/png,1053
681fc9e5805ff5039272331d,imagen_fake.png,2025-05-10T21:49:25.093Z,image/png,183
681fc9e5805ff5039272331f,imagen_fake.png,2025-05-10T21:49:25.317Z,image/png,1924
681fc9e5805ff50392723321,imagen_fake.png,2025-05-10T21:49:25.546Z,image/png,212
681fc9e5805ff50392723323,imagen_fake.png,2025-05-10T21:49:25.78Z,image/png,251
681fc9e6805ff50392723325,imagen_fake.png,2025-05-10T21:49:26.009Z,image/png,1243
681fc9e6805ff50392723327,imagen_fake.png,2025-05-10T21:49:26.255Z,image/png,633
681fc9e6805ff50392723329,imagen_fake.png,2025-05-10T21:49:26.474Z,image/png,203
681fc9e6805ff5039272332b,imagen_fake.png,2025-05-10T21:49:26.694Z,image/png,212
681fc9e6805ff5039272332d,imagen_fake.png,2025-05-10T21:49:26.931Z,image/png,304
681fc9e7805ff5039272332f,imagen_fake.png,2025-05-10T21:49:27.167Z,image/png,1982
681fc9e7805ff50392723331,imagen_fake.png,2025-05-10T21:49:27.387Z,image/png,1474
681fc9e7805ff50392723333,imagen_fake.png,2025-05-10T21:49:27.617Z,image/png,318
681fc9e7805ff50392723335,imagen_fake.png,2025-05-10T21:49:27.858Z,image/png,257
681fc9e8805ff50392723337,imagen_fake.png,2025-05-10T21:49:28.083Z,image/png,238
681fc9e8805ff50392723339,imagen_fake.png,2025-05-10T21:49:28.309Z,image/png,24
681fc9e8805ff5039272333b,imagen_fake.png,2025-05-10T21:49:28.544Z,image/png,1381
681fc9e8805ff5039272333d,imagen_fake.png,2025-05-10T21:49:28.77Z,image/png,75
681fc9e8805ff5039272333f,imagen_fake.png,2025-05-10T21:49:28.995Z,image/png,1661
681fc9e9805ff50392723341,imagen_fake.png,2025-05-10T21:49:29.233Z,image/png,1991
681fc9e9805ff50392723343,imagen_fake.png,2025-05-10T21:49:29.461Z,image/png,265
681fc9e9805ff50392723345,imagen_fake.png,2025-05-10T21:49:29.681Z,image/png,1642
681fc9e9805ff50392723347,imagen_fake.png,2025-05-10T21:49:29.901Z,image/png,356
681fc9ea805ff50392723349,imagen_fake.png,2025-05-10T21:49:30.128Z,image/png,1243
681fc9ea805ff5039272334b,imagen_fake.png,2025-05-10T21:49:30.348Z,image/png,163
681fc9ea805ff5039272334d,imagen_fake.png,2025-05-10T21:49:30.578Z,image/png,1417
681fc9ea805ff5039272334f,imagen_fake.png,2025-05-10T21:49:30.817Z,image/png,228
681fc9eb805ff50392723351,imagen_fake.png,2025-05-10T21:49:31.047Z,image/png,1987
681fc9eb805ff50392723353,imagen_fake.png,2025-05-10T21:49:31.275Z,image/png,1317
681fc9eb805ff50392723355,imagen_fake.png,2025-05-10T21:49:31.495Z,image/png,1431
681fc9eb805ff50392723357,imagen_fake.png,2025-05-10T21:49:31.726Z,image/png,1742
681fc9eb805ff50392723359,imagen_fake.png,2025-05-10T21:49:31.949Z,image/png,243
681fc9ec805ff5039272335b,imagen_fake.png,2025-05-10T21:49:32.184Z,image/png,233
681fc9ec805ff5039272335d,imagen_fake.png,2025-05-10T21:49:32.433Z,image/png,1817
681fc9ec805ff5039272335f,imagen_fake.png,2025-05-10T21:49:32.654Z,image/png,1483
681fc9ec805ff50392723361,imagen_fake.png,2025-05-10T21:49:32.872Z,image/png,287
681fc9ed805ff50392723363,imagen_fake.png,2025-05-10T21:49:33.093Z,image/png,519
681fc9ed805ff50392723365,imagen_fake.png,2025-05-10T21:49:33.32Z,image/png,570
681fc9ed805ff50392723367,imagen_fake.png,2025-05-10T21:49:33.549Z,image/png,1641
681fc9ed805ff50392723369,imagen_fake.png,2025-05-10T21:49:33.773Z,image/png,1183
681fc9ed805ff5039272336b,imagen_fake.png,2025-05-10T21:49:33.993Z,image/png,1952
681fc9ee805ff5039272336d,imagen_fake.png,2025-05-10T21:49:34.225Z,image/png,524
681fc9ee805ff5039272336f,imagen_fake.png,2025-05-10T21:49:34.462Z,image/png,165
681fc9ee805ff50392723371,imagen_fake.png,2025-05-10T21:49:34.693Z,image/png,1467
681fc9ee805ff50392723373,imagen_fake.png,2025-05-10T21:49:34.913Z,image/png,373
681fc9ef805ff50392723375,imagen_fake.png,2025-05-10T21:49:35.145Z,image/png,933
681fc9ef805ff50392723377,imagen_fake.png,2025-05-10T21:49:35.366Z,image/png,1562
681fc9ef805ff50392723379,imagen_fake.png,2025-05-10T21:49:35.601Z,image/png,445
681fc9ef805ff5039272337b,imagen_fake.png,2025-05-10T21:49:35.823Z,image/png,911
681fc9f0805ff5039272337d,imagen_fake.png,2025-05-10T21:49:36.042Z,image/png,1184
681fc9f0805ff5039272337f,imagen_fake.png,2025-05-10T21:49:36.272Z,image/png,25
681fc9f0805ff50392723381,imagen_fake.png,2025-05-10T21:49:36.501Z,image/png,1397
681fc9f0805ff50392723383,imagen_fake.png,2025-05-10T21:49:36.735Z,image/png,111
681fc9f0805ff50392723385,imagen_fake.png,2025-05-10T21:49:36.966Z,image/png,270
681fc9f1805ff50392723387,imagen_fake.png,2025-05-10T21:49:37.187Z,image/png,1685
681fc9f1805ff50392723389,imagen_fake.png,2025-05-10T21:49:37.415Z,image/png,1426
681fc9f1805ff5039272338b,imagen_fake.png,2025-05-10T21:49:37.65Z,image/png,1521
681fc9f1805ff5039272338d,imagen_fake.png,2025-05-10T21:49:37.871Z,image/png,1915
681fc9f2805ff5039272338f,imagen_fake.png,2025-05-10T21:49:38.102Z,image/png,1054
681fc9f2805ff50392723391,imagen_fake.png,2025-05-10T21:49:38.333Z,image/png,1594
681fc9f2805ff50392723393,imagen_fake.png,2025-05-10T21:49:38.57Z,image/png,153
681fc9f2805ff50392723395,imagen_fake.png,2025-05-10T21:49:38.789Z,image/png,1398
681fc9f3805ff50392723397,imagen_fake.png,2025-05-10T21:49:39.013Z,image/png,1630
681fc9f3805ff50392723399,imagen_fake.png,2025-05-10T21:49:39.234Z,image/png,1790
681fc9f3805ff5039272339b,imagen_fake.png,2025-05-10T21:49:39.464Z,image/png,91
681fc9f3805ff5039272339d,imagen_fake.png,2025-05-10T21:49:39.686Z,image/png,665
681fc9f3805ff5039272339f,imagen_fake.png,2025-05-10T21:49:39.915Z,image/png,1892
681fca10805ff503927233a1,imagen_fake.png,2025-05-10T21:50:08.06Z,image/png,1508
681fca10805ff503927233a3,imagen_fake.png,2025-05-10T21:50:08.29Z,image/png,661
681fca10805ff503927233a5,imagen_fake.png,2025-05-10T21:50:08.515Z,image/png,307
681fca10805ff503927233a7,imagen_fake.png,2025-05-10T21:50:08.744Z,image/png,1965
681fca10805ff503927233a9,imagen_fake.png,2025-05-10T21:50:08.967Z,image/png,1804
681fca11805ff503927233ab,imagen_fake.png,2025-05-10T21:50:09.191Z,image/png,268
681fca11805ff503927233ad,imagen_fake.png,2025-05-10T21:50:09.411Z,image/png,1147
681fca11805ff503927233af,imagen_fake.png,2025-05-10T21:50:09.643Z,image/png,1065
681fca12805ff503927233b1,imagen_fake.png,2025-05-10T21:50:10.694Z,image/png,1731
681fca12805ff503927233b3,imagen_fake.png,2025-05-10T21:50:10.915Z,image/png,726
681fca13805ff503927233b5,imagen_fake.png,2025-05-10T21:50:11.141Z,image/png,1601
681fca14805ff503927233b7,imagen_fake.png,2025-05-10T21:50:12.479Z,image/png,110
681fca14805ff503927233b9,imagen_fake.png,2025-05-10T21:50:12.706Z,image/png,405
681fca14805ff503927233bb,imagen_fake.png,2025-05-10T21:50:12.928Z,image/png,804
681fca15805ff503927233bd,imagen_fake.png,2025-05-10T21:50:13.147Z,image/png,1818
681fca15805ff503927233bf,imagen_fake.png,2025-05-10T21:50:13.373Z,image/png,54
681fca15805ff503927233c1,imagen_fake.png,2025-05-10T21:50:13.593Z,image/png,1727
681fca15805ff503927233c3,imagen_fake.png,2025-05-10T21:50:13.822Z,image/png,517
681fca16805ff503927233c5,imagen_fake.png,2025-05-10T21:50:14.058Z,image/png,1497
681fca16805ff503927233c7,imagen_fake.png,2025-05-10T21:50:14.279Z,image/png,1464
681fca16805ff503927233c9,imagen_fake.png,2025-05-10T21:50:14.511Z,image/png,1131
681fca16805ff503927233cb,imagen_fake.png,2025-05-10T21:50:14.748Z,image/png,77
681fca16805ff503927233cd,imagen_fake.png,2025-05-10T21:50:14.984Z,image/png,712
681fca17805ff503927233cf,imagen_fake.png,2025-05-10T21:50:15.411Z,image/png,1547
681fca17805ff503927233d1,imagen_fake.png,2025-05-10T21:50:15.654Z,image/png,942
681fca17805ff503927233d3,imagen_fake.png,2025-05-10T21:50:15.873Z,image/png,892
681fca18805ff503927233d5,imagen_fake.png,2025-05-10T21:50:16.102Z,image/png,959
681fca18805ff503927233d7,imagen_fake.png,2025-05-10T21:50:16.32Z,image/png,411
681fca18805ff503927233d9,imagen_fake.png,2025-05-10T21:50:16.549Z,image/png,1255
681fca18805ff503927233db,imagen_fake.png,2025-05-10T21:50:16.785Z,image/png,1338
681fca19805ff503927233dd,imagen_fake.png,2025-05-10T21:50:17.008Z,image/png,1848
681fca19805ff503927233df,imagen_fake.png,2025-05-10T21:50:17.24Z,image/png,1498
681fca19805ff503927233e1,imagen_fake.png,2025-05-10T21:50:17.47Z,image/png,1295
681fca19805ff503927233e3,imagen_fake.png,2025-05-10T21:50:17.698Z,image/png,1206
681fca19805ff503927233e5,imagen_fake.png,2025-05-10T21:50:17.931Z,image/png,1049
681fca1a805ff503927233e7,imagen_fake.png,2025-05-10T21:50:18.161Z,image/png,799
681fca1a805ff503927233e9,imagen_fake.png,2025-05-10T21:50:18.394Z,image/png,1281
681fca1a805ff503927233eb,imagen_fake.png,2025-05-10T21:50:18.636Z,image/png,422
681fca1a805ff503927233ed,imagen_fake.png,2025-05-10T21:50:18.866Z,image/png,1511
681fca1b805ff503927233ef,imagen_fake.png,2025-05-10T21:50:19.088Z,image/png,1716
681fca1b805ff503927233f1,imagen_fake.png,2025-05-10T21:50:19.328Z,image/png,1497
681fca1b805ff503927233f3,imagen_fake.png,2025-05-10T21:50:19.566Z,image/png,1809
681fca1b805ff503927233f5,imagen_fake.png,2025-05-10T21:50:19.786Z,image/png,872
681fca1c805ff503927233f7,imagen_fake.png,2025-05-10T21:50:20.028Z,image/png,1810
681fca1c805ff503927233f9,imagen_fake.png,2025-05-10T21:50:20.259Z,image/png,1412
681fca1c805ff503927233fb,imagen_fake.png,2025-05-10T21:50:20.479Z,image/png,1060
681fca1c805ff503927233fd,imagen_fake.png,2025-05-10T21:50:20.706Z,image/png,376
681fca1c805ff503927233ff,imagen_fake.png,2025-05-10T21:50:20.937Z,image/png,187
681fca1d805ff50392723401,imagen_fake.png,2025-05-10T21:50:21.166Z,image/png,1632
681fca1d805ff50392723403,imagen_fake.png,2025-05-10T21:50:21.387Z,image/png,1578
681fca1d805ff50392723405,imagen_fake.png,2025-05-10T21:50:21.637Z,image/png,596
681fca1d805ff50392723407,imagen_fake.png,2025-05-10T21:50:21.861Z,image/png,770
681fca1e805ff50392723409,imagen_fake.png,2025-05-10T21:50:22.088Z,image/png,1949
681fca1e805ff5039272340b,imagen_fake.png,2025-05-10T21:50:22.31Z,image/png,1408
681fca1e805ff5039272340d,imagen_fake.png,2025-05-10T21:50:22.54Z,image/png,578
681fca1e805ff5039272340f,imagen_fake.png,2025-05-10T21:50:22.773Z,image/png,1009
681fca1f805ff50392723411,imagen_fake.png,2025-05-10T21:50:23.01Z,image/png,1262
681fca1f805ff50392723413,imagen_fake.png,2025-05-10T21:50:23.236Z,image/png,1561
681fca1f805ff50392723415,imagen_fake.png,2025-05-10T21:50:23.476Z,image/png,1527
681fca1f805ff50392723417,imagen_fake.png,2025-05-10T21:50:23.699Z,image/png,171
681fca1f805ff50392723419,imagen_fake.png,2025-05-10T21:50:23.938Z,image/png,600
681fca20805ff5039272341b,imagen_fake.png,2025-05-10T21:50:24.173Z,image/png,1277
681fca20805ff5039272341d,imagen_fake.png,2025-05-10T21:50:24.403Z,image/png,1506
681fca20805ff5039272341f,imagen_fake.png,2025-05-10T21:50:24.63Z,image/png,496
681fca20805ff50392723421,imagen_fake.png,2025-05-10T21:50:24.865Z,image/png,1987
681fca21805ff50392723423,imagen_fake.png,2025-05-10T21:50:25.094Z,image/png,1787
681fca21805ff50392723425,imagen_fake.png,2025-05-10T21:50:25.365Z,image/png,779
681fca21805ff50392723427,imagen_fake.png,2025-05-10T21:50:25.589Z,image/png,1279
681fca21805ff50392723429,imagen_fake.png,2025-05-10T21:50:25.809Z,image/png,1709
681fca22805ff5039272342b,imagen_fake.png,2025-05-10T21:50:26.031Z,image/png,547
681fca22805ff5039272342d,imagen_fake.png,2025-05-10T21:50:26.252Z,image/png,1099
681fca22805ff5039272342f,imagen_fake.png,2025-05-10T21:50:26.476Z,image/png,71
681fca22805ff50392723431,imagen_fake.png,2025-05-10T21:50:26.704Z,image/png,670
681fca22805ff50392723433,imagen_fake.png,2025-05-10T21:50:26.932Z,image/png,887
681fca23805ff50392723435,imagen_fake.png,2025-05-10T21:50:27.168Z,image/png,1820
681fca23805ff50392723437,imagen_fake.png,2025-05-10T21:50:27.4Z,image/png,1725
681fca23805ff50392723439,imagen_fake.png,2025-05-10T21:50:27.641Z,image/png,1947
681fca23805ff5039272343b,imagen_fake.png,2025-05-10T21:50:27.862Z,image/png,191
681fca24805ff5039272343d,imagen_fake.png,2025-05-10T21:50:28.091Z,image/png,332
681fca24805ff5039272343f,imagen_fake.png,2025-05-10T21:50:28.31Z,image/png,1680
681fca24805ff50392723441,imagen_fake.png,2025-05-10T21:50:28.534Z,image/png,1568
681fca24805ff50392723443,imagen_fake.png,2025-05-10T21:50:28.775Z,image/png,314
681fca25805ff50392723445,imagen_fake.png,2025-05-10T21:50:29.007Z,image/png,173
681fca25805ff50392723447,imagen_fake.png,2025-05-10T21:50:29.23Z,image/png,745
681fca25805ff50392723449,imagen_fake.png,2025-05-10T21:50:29.452Z,image/png,757
681fca25805ff5039272344b,imagen_fake.png,2025-05-10T21:50:29.672Z,image/png,901
681fca25805ff5039272344d,imagen_fake.png,2025-05-10T21:50:29.908Z,image/png,182
681fca26805ff5039272344f,imagen_fake.png,2025-05-10T21:50:30.128Z,image/png,635
681fca26805ff50392723451,imagen_fake.png,2025-05-10T21:50:30.357Z,image/png,593
681fca26805ff50392723453,imagen_fake.png,2025-05-10T21:50:30.581Z,image/png,428
681fca26805ff50392723455,imagen_fake.png,2025-05-10T21:50:30.812Z,image/png,27
681fca27805ff50392723457,imagen_fake.png,2025-05-10T21:50:31.041Z,image/png,1007
681fca27805ff50392723459,imagen_fake.png,2025-05-10T21:50:31.276Z,image/png,1240
681fca27805ff5039272345b,imagen_fake.png,2025-05-10T21:50:31.507Z,image/png,1275
681fca27805ff5039272345d,imagen_fake.png,2025-05-10T21:50:31.736Z,image/png,1812
681fca27805ff5039272345f,imagen_fake.png,2025-05-10T21:50:31.972Z,image/png,685
681fca28805ff50392723461,imagen_fake.png,2025-05-10T21:50:32.202Z,image/png,694
681fca28805ff50392723463,imagen_fake.png,2025-05-10T21:50:32.436Z,image/png,973
681fca28805ff50392723465,imagen_fake.png,2025-05-10T21:50:32.658Z,image/png,733
681fca28805ff50392723467,imagen_fake.png,2025-05-10T21:50:32.879Z,image/png,1320
